{
    "images": [
        {
            "width": 640,
            "height": 480,
            "id": 4,
            "file_name": "images/f582bb21-box_0005.jpg"
        },
        {
            "width": 640,
            "height": 480,
            "id": 28,
            "file_name": "images/8117c82f-box_0029.jpg"
        },
        {
            "width": 640,
            "height": 480,
            "id": 60,
            "file_name": "images/417e50d7-box_0061.jpg"
        },
        {
            "width": 640,
            "height": 480,
            "id": 43,
            "file_name": "images/091a97f0-box_0044.jpg"
        },
        {
            "width": 640,
            "height": 480,
            "id": 96,
            "file_name": "images/8a480ecb-box_0097.jpg"
        },
        {
            "width": 640,
            "height": 480,
            "id": 113,
            "file_name": "images/e79e69f0-box_0114.jpg"
        },
        {
            "width": 640,
            "height": 480,
            "id": 56,
            "file_name": "images/63e86146-box_0057.jpg"
        },
        {
            "width": 640,
            "height": 480,
            "id": 23,
            "file_name": "images/f727c2e4-box_0024.jpg"
        },
        {
            "width": 640,
            "height": 480,
            "id": 92,
            "file_name": "images/5a3c7ef8-box_0093.jpg"
        },
        {
            "width": 640,
            "height": 480,
            "id": 14,
            "file_name": "images/3e9dcd42-box_0015.jpg"
        },
        {
            "width": 640,
            "height": 480,
            "id": 70,
            "file_name": "images/8bc771d4-box_0071.jpg"
        },
        {
            "width": 640,
            "height": 480,
            "id": 108,
            "file_name": "images/93309fc3-box_0109.jpg"
        },
        {
            "width": 640,
            "height": 480,
            "id": 65,
            "file_name": "images/927e6216-box_0066.jpg"
        },
        {
            "width": 640,
            "height": 480,
            "id": 46,
            "file_name": "images/0bb67b71-box_0047.jpg"
        },
        {
            "width": 640,
            "height": 480,
            "id": 97,
            "file_name": "images/d712ddb2-box_0098.jpg"
        },
        {
            "width": 640,
            "height": 480,
            "id": 3,
            "file_name": "images/bebd7d7c-box_0004.jpg"
        },
        {
            "width": 640,
            "height": 480,
            "id": 53,
            "file_name": "images/63ba5b98-box_0054.jpg"
        },
        {
            "width": 640,
            "height": 480,
            "id": 19,
            "file_name": "images/bd29f2ba-box_0020.jpg"
        },
        {
            "width": 640,
            "height": 480,
            "id": 99,
            "file_name": "images/8acb0117-box_0100.jpg"
        },
        {
            "width": 640,
            "height": 480,
            "id": 68,
            "file_name": "images/2d5fea89-box_0069.jpg"
        },
        {
            "width": 640,
            "height": 480,
            "id": 124,
            "file_name": "images/d078f1d7-box_0125.jpg"
        },
        {
            "width": 640,
            "height": 480,
            "id": 104,
            "file_name": "images/e810aca7-box_0105.jpg"
        },
        {
            "width": 640,
            "height": 480,
            "id": 139,
            "file_name": "images/d91d1568-box_0140.jpg"
        },
        {
            "width": 640,
            "height": 480,
            "id": 131,
            "file_name": "images/7585e484-box_0132.jpg"
        },
        {
            "width": 640,
            "height": 480,
            "id": 9,
            "file_name": "images/1e5c0747-box_0010.jpg"
        },
        {
            "width": 640,
            "height": 480,
            "id": 10,
            "file_name": "images/3595b3e2-box_0011.jpg"
        },
        {
            "width": 640,
            "height": 480,
            "id": 143,
            "file_name": "images/79665960-box_0144.jpg"
        },
        {
            "width": 640,
            "height": 480,
            "id": 122,
            "file_name": "images/c368458d-box_0123.jpg"
        },
        {
            "width": 640,
            "height": 480,
            "id": 87,
            "file_name": "images/048a7593-box_0088.jpg"
        },
        {
            "width": 640,
            "height": 480,
            "id": 128,
            "file_name": "images/fadd00fa-box_0129.jpg"
        },
        {
            "width": 640,
            "height": 480,
            "id": 73,
            "file_name": "images/f02cbc98-box_0074.jpg"
        },
        {
            "width": 640,
            "height": 480,
            "id": 89,
            "file_name": "images/b632ef49-box_0090.jpg"
        },
        {
            "width": 640,
            "height": 480,
            "id": 130,
            "file_name": "images/eb3ba4b4-box_0131.jpg"
        },
        {
            "width": 640,
            "height": 480,
            "id": 15,
            "file_name": "images/0740a671-box_0016.jpg"
        },
        {
            "width": 640,
            "height": 480,
            "id": 0,
            "file_name": "images/c6919cde-box_0001.jpg"
        },
        {
            "width": 640,
            "height": 480,
            "id": 103,
            "file_name": "images/209bb801-box_0104.jpg"
        },
        {
            "width": 640,
            "height": 480,
            "id": 64,
            "file_name": "images/7cc1a166-box_0065.jpg"
        },
        {
            "width": 640,
            "height": 480,
            "id": 72,
            "file_name": "images/4a59c5ce-box_0073.jpg"
        },
        {
            "width": 640,
            "height": 480,
            "id": 1,
            "file_name": "images/66d87110-box_0002.jpg"
        },
        {
            "width": 640,
            "height": 480,
            "id": 136,
            "file_name": "images/70ccdbc7-box_0137.jpg"
        },
        {
            "width": 640,
            "height": 480,
            "id": 100,
            "file_name": "images/0d5b224a-box_0101.jpg"
        },
        {
            "width": 640,
            "height": 480,
            "id": 118,
            "file_name": "images/4661ecc5-box_0119.jpg"
        },
        {
            "width": 640,
            "height": 480,
            "id": 42,
            "file_name": "images/94558c23-box_0043.jpg"
        },
        {
            "width": 640,
            "height": 480,
            "id": 83,
            "file_name": "images/64a825f4-box_0084.jpg"
        },
        {
            "width": 640,
            "height": 480,
            "id": 80,
            "file_name": "images/1afbbfde-box_0081.jpg"
        },
        {
            "width": 640,
            "height": 480,
            "id": 31,
            "file_name": "images/808166fe-box_0032.jpg"
        },
        {
            "width": 640,
            "height": 480,
            "id": 69,
            "file_name": "images/56e150ee-box_0070.jpg"
        },
        {
            "width": 640,
            "height": 480,
            "id": 36,
            "file_name": "images/0758a101-box_0037.jpg"
        },
        {
            "width": 640,
            "height": 480,
            "id": 22,
            "file_name": "images/4738b763-box_0023.jpg"
        },
        {
            "width": 640,
            "height": 480,
            "id": 116,
            "file_name": "images/b36a1309-box_0117.jpg"
        },
        {
            "width": 640,
            "height": 480,
            "id": 144,
            "file_name": "images/c78eea9e-box_0145.jpg"
        },
        {
            "width": 640,
            "height": 480,
            "id": 40,
            "file_name": "images/9d25f0d0-box_0041.jpg"
        },
        {
            "width": 640,
            "height": 480,
            "id": 17,
            "file_name": "images/18be7f83-box_0018.jpg"
        },
        {
            "width": 640,
            "height": 480,
            "id": 26,
            "file_name": "images/7786cfa0-box_0027.jpg"
        },
        {
            "width": 640,
            "height": 480,
            "id": 134,
            "file_name": "images/e6748544-box_0135.jpg"
        },
        {
            "width": 640,
            "height": 480,
            "id": 27,
            "file_name": "images/ce5d5486-box_0028.jpg"
        },
        {
            "width": 640,
            "height": 480,
            "id": 38,
            "file_name": "images/fb59f2b8-box_0039.jpg"
        },
        {
            "width": 640,
            "height": 480,
            "id": 123,
            "file_name": "images/d060909f-box_0124.jpg"
        },
        {
            "width": 640,
            "height": 480,
            "id": 54,
            "file_name": "images/6488adf5-box_0055.jpg"
        },
        {
            "width": 640,
            "height": 480,
            "id": 20,
            "file_name": "images/3b624426-box_0021.jpg"
        },
        {
            "width": 640,
            "height": 480,
            "id": 95,
            "file_name": "images/6a6f00a0-box_0096.jpg"
        },
        {
            "width": 640,
            "height": 480,
            "id": 90,
            "file_name": "images/de675fa1-box_0091.jpg"
        },
        {
            "width": 640,
            "height": 480,
            "id": 74,
            "file_name": "images/9e2977a5-box_0075.jpg"
        },
        {
            "width": 640,
            "height": 480,
            "id": 25,
            "file_name": "images/105a80db-box_0026.jpg"
        },
        {
            "width": 640,
            "height": 480,
            "id": 110,
            "file_name": "images/911e554b-box_0111.jpg"
        },
        {
            "width": 640,
            "height": 480,
            "id": 86,
            "file_name": "images/51ab69e4-box_0087.jpg"
        },
        {
            "width": 640,
            "height": 480,
            "id": 11,
            "file_name": "images/2cb11079-box_0012.jpg"
        },
        {
            "width": 640,
            "height": 480,
            "id": 135,
            "file_name": "images/f3329290-box_0136.jpg"
        },
        {
            "width": 640,
            "height": 480,
            "id": 49,
            "file_name": "images/46cc352a-box_0050.jpg"
        },
        {
            "width": 640,
            "height": 480,
            "id": 67,
            "file_name": "images/36226aef-box_0068.jpg"
        },
        {
            "width": 640,
            "height": 480,
            "id": 137,
            "file_name": "images/80afa680-box_0138.jpg"
        },
        {
            "width": 640,
            "height": 480,
            "id": 5,
            "file_name": "images/3db06918-box_0006.jpg"
        },
        {
            "width": 640,
            "height": 480,
            "id": 125,
            "file_name": "images/66e0477d-box_0126.jpg"
        },
        {
            "width": 640,
            "height": 480,
            "id": 114,
            "file_name": "images/e465d0d8-box_0115.jpg"
        },
        {
            "width": 640,
            "height": 480,
            "id": 117,
            "file_name": "images/03975b62-box_0118.jpg"
        },
        {
            "width": 640,
            "height": 480,
            "id": 76,
            "file_name": "images/c9166261-box_0077.jpg"
        },
        {
            "width": 640,
            "height": 480,
            "id": 120,
            "file_name": "images/69e00675-box_0121.jpg"
        },
        {
            "width": 640,
            "height": 480,
            "id": 78,
            "file_name": "images/3f360f27-box_0079.jpg"
        },
        {
            "width": 640,
            "height": 480,
            "id": 2,
            "file_name": "images/5081aa89-box_0003.jpg"
        },
        {
            "width": 640,
            "height": 480,
            "id": 52,
            "file_name": "images/74b5dfa7-box_0053.jpg"
        },
        {
            "width": 640,
            "height": 480,
            "id": 62,
            "file_name": "images/7221f048-box_0063.jpg"
        },
        {
            "width": 640,
            "height": 480,
            "id": 30,
            "file_name": "images/3e297d15-box_0031.jpg"
        },
        {
            "width": 640,
            "height": 480,
            "id": 47,
            "file_name": "images/1e8e0078-box_0048.jpg"
        },
        {
            "width": 640,
            "height": 480,
            "id": 142,
            "file_name": "images/e231954d-box_0143.jpg"
        },
        {
            "width": 640,
            "height": 480,
            "id": 18,
            "file_name": "images/9385a701-box_0019.jpg"
        },
        {
            "width": 640,
            "height": 480,
            "id": 115,
            "file_name": "images/a5ecd567-box_0116.jpg"
        },
        {
            "width": 640,
            "height": 480,
            "id": 16,
            "file_name": "images/bbe387ba-box_0017.jpg"
        },
        {
            "width": 640,
            "height": 480,
            "id": 58,
            "file_name": "images/a8298701-box_0059.jpg"
        },
        {
            "width": 640,
            "height": 480,
            "id": 121,
            "file_name": "images/8dab7843-box_0122.jpg"
        },
        {
            "width": 640,
            "height": 480,
            "id": 35,
            "file_name": "images/9a0f464f-box_0036.jpg"
        },
        {
            "width": 640,
            "height": 480,
            "id": 88,
            "file_name": "images/1a2418c8-box_0089.jpg"
        },
        {
            "width": 640,
            "height": 480,
            "id": 106,
            "file_name": "images/f331f786-box_0107.jpg"
        },
        {
            "width": 640,
            "height": 480,
            "id": 34,
            "file_name": "images/5c81d5c1-box_0035.jpg"
        },
        {
            "width": 640,
            "height": 480,
            "id": 132,
            "file_name": "images/1defd87b-box_0133.jpg"
        },
        {
            "width": 640,
            "height": 480,
            "id": 79,
            "file_name": "images/6521858f-box_0080.jpg"
        },
        {
            "width": 640,
            "height": 480,
            "id": 44,
            "file_name": "images/52daa8e2-box_0045.jpg"
        },
        {
            "width": 640,
            "height": 480,
            "id": 141,
            "file_name": "images/a01148be-box_0142.jpg"
        },
        {
            "width": 640,
            "height": 480,
            "id": 129,
            "file_name": "images/97cb1d46-box_0130.jpg"
        },
        {
            "width": 640,
            "height": 480,
            "id": 24,
            "file_name": "images/52791026-box_0025.jpg"
        },
        {
            "width": 640,
            "height": 480,
            "id": 98,
            "file_name": "images/a3df56aa-box_0099.jpg"
        },
        {
            "width": 640,
            "height": 480,
            "id": 21,
            "file_name": "images/87ed365c-box_0022.jpg"
        },
        {
            "width": 640,
            "height": 480,
            "id": 119,
            "file_name": "images/5ff70c65-box_0120.jpg"
        },
        {
            "width": 640,
            "height": 480,
            "id": 37,
            "file_name": "images/8a744ba5-box_0038.jpg"
        },
        {
            "width": 640,
            "height": 480,
            "id": 12,
            "file_name": "images/b9d0d822-box_0013.jpg"
        },
        {
            "width": 640,
            "height": 480,
            "id": 61,
            "file_name": "images/fed87426-box_0062.jpg"
        },
        {
            "width": 640,
            "height": 480,
            "id": 101,
            "file_name": "images/bebf02e0-box_0102.jpg"
        },
        {
            "width": 640,
            "height": 480,
            "id": 51,
            "file_name": "images/4cab2654-box_0052.jpg"
        },
        {
            "width": 640,
            "height": 480,
            "id": 84,
            "file_name": "images/d900b404-box_0085.jpg"
        },
        {
            "width": 640,
            "height": 480,
            "id": 48,
            "file_name": "images/c244c6bf-box_0049.jpg"
        },
        {
            "width": 640,
            "height": 480,
            "id": 93,
            "file_name": "images/f43c7ab6-box_0094.jpg"
        },
        {
            "width": 640,
            "height": 480,
            "id": 91,
            "file_name": "images/9bed6241-box_0092.jpg"
        },
        {
            "width": 640,
            "height": 480,
            "id": 45,
            "file_name": "images/0262476a-box_0046.jpg"
        },
        {
            "width": 640,
            "height": 480,
            "id": 85,
            "file_name": "images/e93d06d8-box_0086.jpg"
        },
        {
            "width": 640,
            "height": 480,
            "id": 29,
            "file_name": "images/515da7b6-box_0030.jpg"
        },
        {
            "width": 640,
            "height": 480,
            "id": 7,
            "file_name": "images/166312bb-box_0008.jpg"
        },
        {
            "width": 640,
            "height": 480,
            "id": 71,
            "file_name": "images/5a25e71b-box_0072.jpg"
        }
    ]
}