{
    "images": [
        {
            "width": 512,
            "height": 512,
            "id": 26,
            "file_name": "d2a9a7ae-recorded_video4_0041.jpg"
        },
        {
            "width": 512,
            "height": 512,
            "id": 19,
            "file_name": "5dae5664-recorded_video4_0025.jpg"
        },
        {
            "width": 512,
            "height": 512,
            "id": 6,
            "file_name": "0447cfa9-recorded_video4_0009.jpg"
        },
        {
            "width": 512,
            "height": 512,
            "id": 3,
            "file_name": "2b60ff13-recorded_video4_0005.jpg"
        },
        {
            "width": 512,
            "height": 512,
            "id": 27,
            "file_name": "ae7efa94-recorded_video4_0042.jpg"
        },
        {
            "width": 512,
            "height": 512,
            "id": 0,
            "file_name": "0f541038-recorded_video4_0001.jpg"
        },
        {
            "width": 512,
            "height": 512,
            "id": 7,
            "file_name": "d4fbb842-recorded_video4_0010.jpg"
        },
        {
            "width": 512,
            "height": 512,
            "id": 14,
            "file_name": "7f61d065-recorded_video4_0020.jpg"
        },
        {
            "width": 512,
            "height": 512,
            "id": 16,
            "file_name": "8e8685cc-recorded_video4_0022.jpg"
        },
        {
            "width": 512,
            "height": 512,
            "id": 17,
            "file_name": "f8bc7173-recorded_video4_0023.jpg"
        },
        {
            "width": 512,
            "height": 512,
            "id": 4,
            "file_name": "b929992b-recorded_video4_0006.jpg"
        },
        {
            "width": 512,
            "height": 512,
            "id": 11,
            "file_name": "da1d66d1-recorded_video4_0017.jpg"
        },
        {
            "width": 512,
            "height": 512,
            "id": 5,
            "file_name": "5218043d-recorded_video4_0007.jpg"
        },
        {
            "width": 512,
            "height": 512,
            "id": 23,
            "file_name": "f2be4c99-recorded_video4_0038.jpg"
        },
        {
            "width": 512,
            "height": 512,
            "id": 9,
            "file_name": "b7b743e9-recorded_video4_0015.jpg"
        },
        {
            "width": 512,
            "height": 512,
            "id": 13,
            "file_name": "72d6e35e-recorded_video4_0019.jpg"
        },
        {
            "width": 512,
            "height": 512,
            "id": 15,
            "file_name": "5adc64b0-recorded_video4_0021.jpg"
        },
        {
            "width": 512,
            "height": 512,
            "id": 1,
            "file_name": "1d91b05a-recorded_video4_0002.jpg"
        },
        {
            "width": 512,
            "height": 512,
            "id": 8,
            "file_name": "77527e36-recorded_video4_0014.jpg"
        },
        {
            "width": 512,
            "height": 512,
            "id": 22,
            "file_name": "90418b5e-recorded_video4_0037.jpg"
        },
        {
            "width": 512,
            "height": 512,
            "id": 25,
            "file_name": "532b39c2-recorded_video4_0040.jpg"
        },
        {
            "width": 512,
            "height": 512,
            "id": 20,
            "file_name": "3aad9af1-recorded_video4_0035.jpg"
        }
    ],
    "annotations": [
        {
            "id": 0,
            "image_id": 0,
            "category_id": 1,
            "segmentation": [],
            "bbox": [
                100.67899159663871,
                71.4218487394958,
                309.781512605042,
                298.5949579831934
            ],
            "ignore": 0,
            "iscrowd": 0,
            "area": 92499.19774027262
        },
        {
            "id": 1,
            "image_id": 1,
            "category_id": 1,
            "segmentation": [],
            "bbox": [
                101.53949579831936,
                71.42184873949576,
                307.1999999999999,
                296.8739495798318
            ],
            "ignore": 0,
            "iscrowd": 0,
            "area": 91199.6773109243
        },
        {
            "id": 3,
            "image_id": 3,
            "category_id": 1,
            "segmentation": [],
            "bbox": [
                302.0369747899156,
                74.00336134453782,
                209.96302521008383,
                340.75966386554614
            ],
            "ignore": 0,
            "iscrowd": 0,
            "area": 71546.92989478135
        },
        {
            "id": 4,
            "image_id": 4,
            "category_id": 1,
            "segmentation": [],
            "bbox": [
                18.93109243697479,
                72.28235294117643,
                312.3630252100839,
                306.3394957983191
            ],
            "ignore": 0,
            "iscrowd": 0,
            "area": 95689.13164889473
        },
        {
            "id": 5,
            "image_id": 5,
            "category_id": 1,
            "segmentation": [],
            "bbox": [
                0.0,
                124.7731092436974,
                96.37647058823532,
                296.87394957983196
            ],
            "ignore": 0,
            "iscrowd": 0,
            "area": 28611.663470093932
        },
        {
            "id": 6,
            "image_id": 6,
            "category_id": 1,
            "segmentation": [],
            "bbox": [
                0.0,
                71.42184873949576,
                256.4302521008402,
                325.27058823529404
            ],
            "ignore": 0,
            "iscrowd": 0,
            "area": 83409.21894216504
        },
        {
            "id": 7,
            "image_id": 7,
            "category_id": 1,
            "segmentation": [],
            "bbox": [
                94.65546218487393,
                242.66218487394954,
                315.8050420168068,
                269.33781512605043
            ],
            "ignore": 0,
            "iscrowd": 0,
            "area": 85058.2400225973
        },
        {
            "id": 8,
            "image_id": 8,
            "category_id": 1,
            "segmentation": [],
            "bbox": [
                94.65546218487393,
                242.66218487394914,
                315.8050420168064,
                269.33781512605026
            ],
            "ignore": 0,
            "iscrowd": 0,
            "area": 85058.24002259714
        },
        {
            "id": 9,
            "image_id": 9,
            "category_id": 1,
            "segmentation": [],
            "bbox": [
                98.09747899159666,
                73.14285714285712,
                308.0605042016804,
                296.8739495798317
            ],
            "ignore": 0,
            "iscrowd": 0,
            "area": 91455.13859190718
        },
        {
            "id": 11,
            "image_id": 11,
            "category_id": 1,
            "segmentation": [],
            "bbox": [
                0.0,
                0.0,
                511.99999999999983,
                203.93949579831934
            ],
            "ignore": 0,
            "iscrowd": 0,
            "area": 104417.02184873947
        },
        {
            "id": 13,
            "image_id": 13,
            "category_id": 1,
            "segmentation": [],
            "bbox": [
                243.52268907563007,
                33.5596638655462,
                268.4773109243699,
                478.4403361344529
            ],
            "ignore": 0,
            "iscrowd": 0,
            "area": 128450.37488312954
        },
        {
            "id": 14,
            "image_id": 14,
            "category_id": 1,
            "segmentation": [],
            "bbox": [
                418.2050420168065,
                191.89243697478997,
                93.79495798319299,
                320.10756302520963
            ],
            "ignore": 0,
            "iscrowd": 0,
            "area": 30024.475424051838
        },
        {
            "id": 15,
            "image_id": 15,
            "category_id": 1,
            "segmentation": [],
            "bbox": [
                240.94117647058815,
                31.838655462184892,
                271.0588235294118,
                480.16134453781495
            ],
            "ignore": 0,
            "iscrowd": 0,
            "area": 130151.96915472069
        },
        {
            "id": 16,
            "image_id": 16,
            "category_id": 1,
            "segmentation": [],
            "bbox": [
                0.0,
                42.164705882352976,
                166.93781512605037,
                469.835294117647
            ],
            "ignore": 0,
            "iscrowd": 0,
            "area": 78433.27746910525
        },
        {
            "id": 17,
            "image_id": 17,
            "category_id": 1,
            "segmentation": [],
            "bbox": [
                0.0,
                34.42016806722691,
                250.40672268907548,
                477.579831932773
            ],
            "ignore": 0,
            "iscrowd": 0,
            "area": 119589.20053668517
        },
        {
            "id": 19,
            "image_id": 19,
            "category_id": 1,
            "segmentation": [],
            "bbox": [
                0.0,
                345.0621848739493,
                512.0,
                166.93781512605077
            ],
            "ignore": 0,
            "iscrowd": 0,
            "area": 85472.16134453799
        },
        {
            "id": 20,
            "image_id": 20,
            "category_id": 1,
            "segmentation": [],
            "bbox": [
                0.0,
                213.40504201680645,
                86.0504201680672,
                298.59495798319307
            ],
            "ignore": 0,
            "iscrowd": 0,
            "area": 25694.221594520135
        },
        {
            "id": 22,
            "image_id": 22,
            "category_id": 1,
            "segmentation": [],
            "bbox": [
                87.77142857142857,
                158.33277310924376,
                313.2235294117646,
                307.20000000000005
            ],
            "ignore": 0,
            "iscrowd": 0,
            "area": 96222.2682352941
        },
        {
            "id": 23,
            "image_id": 23,
            "category_id": 1,
            "segmentation": [],
            "bbox": [
                60.23529411764705,
                95.51596638655462,
                365.71428571428555,
                332.15462184873917
            ],
            "ignore": 0,
            "iscrowd": 0,
            "area": 121473.69027611027
        },
        {
            "id": 25,
            "image_id": 25,
            "category_id": 1,
            "segmentation": [],
            "bbox": [
                103.26050420168067,
                411.3210084033614,
                277.0823529411765,
                100.67899159663837
            ],
            "ignore": 0,
            "iscrowd": 0,
            "area": 27896.371883341497
        },
        {
            "id": 26,
            "image_id": 26,
            "category_id": 1,
            "segmentation": [],
            "bbox": [
                87.77142857142853,
                74.86386554621849,
                313.2235294117647,
                296.873949579832
            ],
            "ignore": 0,
            "iscrowd": 0,
            "area": 92987.90627780526
        },
        {
            "id": 27,
            "image_id": 27,
            "category_id": 1,
            "segmentation": [],
            "bbox": [
                87.77142857142859,
                74.00336134453778,
                310.64201680672244,
                298.5949579831932
            ],
            "ignore": 0,
            "iscrowd": 0,
            "area": 92756.13995621768
        }
    ],
    "categories": [
        {
            "id": 1,
            "name": "Box"
        }
    ]
}