{
  "images": [
    {
      "width": 256,
      "height": 256,
      "id": 0,
      "file_name": "images\/97a1971c-recorded_video2_0001.jpg"
    },
    {
      "width": 256,
      "height": 256,
      "id": 1,
      "file_name": "images\/b774be42-recorded_video2_0002.jpg"
    },
    {
      "width": 256,
      "height": 256,
      "id": 2,
      "file_name": "images\/21ee5b3b-recorded_video2_0003.jpg"
    },
    {
      "width": 256,
      "height": 256,
      "id": 3,
      "file_name": "images\/6c66181b-recorded_video2_0004.jpg"
    },
    {
      "width": 256,
      "height": 256,
      "id": 4,
      "file_name": "images\/d00e7277-recorded_video2_0005.jpg"
    },
    {
      "width": 256,
      "height": 256,
      "id": 5,
      "file_name": "images\/0332a977-recorded_video2_0006.jpg"
    },
    {
      "width": 256,
      "height": 256,
      "id": 6,
      "file_name": "images\/ac8b843e-recorded_video2_0007.jpg"
    },
    {
      "width": 256,
      "height": 256,
      "id": 7,
      "file_name": "images\/0409a879-recorded_video2_0008.jpg"
    },
    {
      "width": 256,
      "height": 256,
      "id": 8,
      "file_name": "images\/6420673a-recorded_video2_0009.jpg"
    },
    {
      "width": 256,
      "height": 256,
      "id": 9,
      "file_name": "images\/9482e8df-recorded_video2_0010.jpg"
    },
    {
      "width": 256,
      "height": 256,
      "id": 10,
      "file_name": "images\/c7246cf3-recorded_video2_0011.jpg"
    },
    {
      "width": 256,
      "height": 256,
      "id": 11,
      "file_name": "images\/02125fac-recorded_video2_0012.jpg"
    },
    {
      "width": 256,
      "height": 256,
      "id": 12,
      "file_name": "images\/7e90791e-recorded_video2_0013.jpg"
    },
    {
      "width": 256,
      "height": 256,
      "id": 13,
      "file_name": "images\/6fc41518-recorded_video2_0014.jpg"
    },
    {
      "width": 256,
      "height": 256,
      "id": 14,
      "file_name": "images\/9c0eb2f5-recorded_video2_0015.jpg"
    },
    {
      "width": 256,
      "height": 256,
      "id": 15,
      "file_name": "images\/10510a60-recorded_video2_0016.jpg"
    },
    {
      "width": 256,
      "height": 256,
      "id": 16,
      "file_name": "images\/6e5dba08-recorded_video2_0017.jpg"
    },
    {
      "width": 256,
      "height": 256,
      "id": 17,
      "file_name": "images\/c6cc17e3-recorded_video2_0018.jpg"
    },
    {
      "width": 256,
      "height": 256,
      "id": 18,
      "file_name": "images\/b10aa58e-recorded_video2_0019.jpg"
    },
    {
      "width": 256,
      "height": 256,
      "id": 19,
      "file_name": "images\/7e2305f5-recorded_video2_0020.jpg"
    },
    {
      "width": 256,
      "height": 256,
      "id": 20,
      "file_name": "images\/3458b8c6-recorded_video2_0021.jpg"
    },
    {
      "width": 256,
      "height": 256,
      "id": 21,
      "file_name": "images\/1638db8a-recorded_video2_0022.jpg"
    },
    {
      "width": 256,
      "height": 256,
      "id": 22,
      "file_name": "images\/452394c4-recorded_video2_0023.jpg"
    },
    {
      "width": 256,
      "height": 256,
      "id": 23,
      "file_name": "images\/7c886d4c-recorded_video2_0024.jpg"
    },
    {
      "width": 256,
      "height": 256,
      "id": 24,
      "file_name": "images\/1608763a-recorded_video2_0025.jpg"
    },
    {
      "width": 256,
      "height": 256,
      "id": 25,
      "file_name": "images\/68e6b69a-recorded_video2_0026.jpg"
    },
    {
      "width": 256,
      "height": 256,
      "id": 26,
      "file_name": "images\/492d1c90-recorded_video2_0027.jpg"
    },
    {
      "width": 256,
      "height": 256,
      "id": 27,
      "file_name": "images\/12192802-recorded_video2_0028.jpg"
    },
    {
      "width": 256,
      "height": 256,
      "id": 28,
      "file_name": "images\/9c3c854e-recorded_video2_0029.jpg"
    },
    {
      "width": 256,
      "height": 256,
      "id": 29,
      "file_name": "images\/89e9b4af-recorded_video2_0030.jpg"
    },
    {
      "width": 256,
      "height": 256,
      "id": 30,
      "file_name": "images\/a1b03a83-recorded_video2_0031.jpg"
    },
    {
      "width": 256,
      "height": 256,
      "id": 31,
      "file_name": "images\/b50a1fe9-recorded_video2_0032.jpg"
    },
    {
      "width": 256,
      "height": 256,
      "id": 32,
      "file_name": "images\/70e6dc12-recorded_video2_0033.jpg"
    },
    {
      "width": 256,
      "height": 256,
      "id": 33,
      "file_name": "images\/2cf3d21c-recorded_video2_0034.jpg"
    },
    {
      "width": 256,
      "height": 256,
      "id": 34,
      "file_name": "images\/b0392ed2-recorded_video2_0035.jpg"
    },
    {
      "width": 256,
      "height": 256,
      "id": 35,
      "file_name": "images\/4a289c82-recorded_video2_0036.jpg"
    },
    {
      "width": 256,
      "height": 256,
      "id": 36,
      "file_name": "images\/b4d812c8-recorded_video2_0037.jpg"
    },
    {
      "width": 256,
      "height": 256,
      "id": 37,
      "file_name": "images\/53a715c8-recorded_video2_0038.jpg"
    },
    {
      "width": 256,
      "height": 256,
      "id": 38,
      "file_name": "images\/d87c316f-recorded_video2_0039.jpg"
    },
    {
      "width": 256,
      "height": 256,
      "id": 39,
      "file_name": "images\/c9e2f5d4-recorded_video2_0040.jpg"
    },
    {
      "width": 256,
      "height": 256,
      "id": 40,
      "file_name": "images\/8b0971ce-recorded_video2_0041.jpg"
    },
    {
      "width": 256,
      "height": 256,
      "id": 41,
      "file_name": "images\/7bb7c55d-recorded_video2_0042.jpg"
    },
    {
      "width": 256,
      "height": 256,
      "id": 42,
      "file_name": "images\/3d5e6464-recorded_video2_0043.jpg"
    },
    {
      "width": 256,
      "height": 256,
      "id": 43,
      "file_name": "images\/b4b719e1-recorded_video2_0044.jpg"
    },
    {
      "width": 256,
      "height": 256,
      "id": 44,
      "file_name": "images\/5871d0d0-recorded_video2_0045.jpg"
    },
    {
      "width": 256,
      "height": 256,
      "id": 45,
      "file_name": "images\/f85595ee-recorded_video2_0046.jpg"
    },
    {
      "width": 256,
      "height": 256,
      "id": 46,
      "file_name": "images\/262febfa-recorded_video2_0047.jpg"
    },
    {
      "width": 256,
      "height": 256,
      "id": 47,
      "file_name": "images\/e61b1117-recorded_video2_0048.jpg"
    },
    {
      "width": 256,
      "height": 256,
      "id": 48,
      "file_name": "images\/3fe26e54-recorded_video2_0049.jpg"
    },
    {
      "width": 256,
      "height": 256,
      "id": 49,
      "file_name": "images\/82895244-recorded_video2_0050.jpg"
    }
  ],
  "categories": [
    {
      "id": 0,
      "name": "box"
    }
  ],
  "annotations": [
    {
      "id": 0,
      "image_id": 0,
      "category_id": 0,
      "segmentation": [
        [
          51.28619528619529,
          102.14141414141415,
          76.71380471380472,
          38.35690235690236,
          178.85521885521885,
          38.35690235690236,
          203.4208754208754,
          103.003367003367,
          179.7171717171717,
          184.02693602693603,
          77.14478114478115,
          184.88888888888886
        ]
      ],
      "bbox": [
        51.28619528619529,
        38.35690235690236,
        152.1346801346801,
        146.5319865319865
      ],
      "ignore": 0,
      "iscrowd": 0,
      "area": 18592.828214808003
    },
    {
      "id": 1,
      "image_id": 1,
      "category_id": 0,
      "segmentation": [
        [
          51.28619528619529,
          102.14141414141415,
          76.71380471380472,
          38.35690235690236,
          178.85521885521885,
          38.35690235690236,
          203.4208754208754,
          103.003367003367,
          179.7171717171717,
          184.02693602693603,
          77.14478114478115,
          184.88888888888886
        ]
      ],
      "bbox": [
        51.28619528619529,
        38.35690235690236,
        152.1346801346801,
        146.5319865319865
      ],
      "ignore": 0,
      "iscrowd": 0,
      "area": 18592.828214808003
    },
    {
      "id": 2,
      "image_id": 2,
      "category_id": 0,
      "segmentation": [
        [
          51.28619528619529,
          102.14141414141415,
          76.71380471380472,
          38.35690235690236,
          178.85521885521885,
          38.35690235690236,
          203.4208754208754,
          103.003367003367,
          179.7171717171717,
          184.02693602693603,
          77.14478114478115,
          184.88888888888886
        ]
      ],
      "bbox": [
        51.28619528619529,
        38.35690235690236,
        152.1346801346801,
        146.5319865319865
      ],
      "ignore": 0,
      "iscrowd": 0,
      "area": 18592.828214808003
    },
    {
      "id": 3,
      "image_id": 3,
      "category_id": 0,
      "segmentation": [
        [
          51.28619528619529,
          102.14141414141415,
          76.71380471380472,
          38.35690235690236,
          178.85521885521885,
          38.35690235690236,
          203.4208754208754,
          103.003367003367,
          179.7171717171717,
          184.02693602693603,
          77.14478114478115,
          184.88888888888886
        ]
      ],
      "bbox": [
        51.28619528619529,
        38.35690235690236,
        152.1346801346801,
        146.5319865319865
      ],
      "ignore": 0,
      "iscrowd": 0,
      "area": 18592.828214808003
    },
    {
      "id": 4,
      "image_id": 4,
      "category_id": 0,
      "segmentation": [
        [
          51.28619528619529,
          102.14141414141415,
          76.71380471380472,
          38.35690235690236,
          178.85521885521885,
          38.35690235690236,
          203.4208754208754,
          103.003367003367,
          179.7171717171717,
          184.02693602693603,
          77.14478114478115,
          184.88888888888886
        ]
      ],
      "bbox": [
        51.28619528619529,
        38.35690235690236,
        152.1346801346801,
        146.5319865319865
      ],
      "ignore": 0,
      "iscrowd": 0,
      "area": 18592.828214808003
    },
    {
      "id": 5,
      "image_id": 5,
      "category_id": 0,
      "segmentation": [
        [
          51.28619528619529,
          102.14141414141415,
          76.71380471380472,
          38.35690235690236,
          178.85521885521885,
          38.35690235690236,
          203.4208754208754,
          103.003367003367,
          179.7171717171717,
          184.02693602693603,
          77.14478114478115,
          184.88888888888886
        ]
      ],
      "bbox": [
        51.28619528619529,
        38.35690235690236,
        152.1346801346801,
        146.5319865319865
      ],
      "ignore": 0,
      "iscrowd": 0,
      "area": 18592.828214808003
    },
    {
      "id": 6,
      "image_id": 6,
      "category_id": 0,
      "segmentation": [
        [
          51.28619528619529,
          102.14141414141415,
          76.71380471380472,
          38.35690235690236,
          178.85521885521885,
          38.35690235690236,
          203.4208754208754,
          103.003367003367,
          179.7171717171717,
          184.02693602693603,
          77.14478114478115,
          184.88888888888886
        ]
      ],
      "bbox": [
        51.28619528619529,
        38.35690235690236,
        152.1346801346801,
        146.5319865319865
      ],
      "ignore": 0,
      "iscrowd": 0,
      "area": 18592.828214808003
    },
    {
      "id": 7,
      "image_id": 7,
      "category_id": 0,
      "segmentation": [
        [
          51.28619528619529,
          102.14141414141415,
          76.71380471380472,
          38.35690235690236,
          178.85521885521885,
          38.35690235690236,
          203.4208754208754,
          103.003367003367,
          179.7171717171717,
          184.02693602693603,
          77.14478114478115,
          184.88888888888886
        ]
      ],
      "bbox": [
        51.28619528619529,
        38.35690235690236,
        152.1346801346801,
        146.5319865319865
      ],
      "ignore": 0,
      "iscrowd": 0,
      "area": 18592.828214808003
    },
    {
      "id": 8,
      "image_id": 8,
      "category_id": 0,
      "segmentation": [
        [
          51.28619528619529,
          102.14141414141415,
          76.71380471380472,
          38.35690235690236,
          178.85521885521885,
          38.35690235690236,
          203.4208754208754,
          103.003367003367,
          179.7171717171717,
          184.02693602693603,
          77.14478114478115,
          184.88888888888886
        ]
      ],
      "bbox": [
        51.28619528619529,
        38.35690235690236,
        152.1346801346801,
        146.5319865319865
      ],
      "ignore": 0,
      "iscrowd": 0,
      "area": 18592.828214808003
    },
    {
      "id": 9,
      "image_id": 9,
      "category_id": 0,
      "segmentation": [
        [
          51.28619528619529,
          102.14141414141415,
          76.71380471380472,
          38.35690235690236,
          178.85521885521885,
          38.35690235690236,
          203.4208754208754,
          103.003367003367,
          179.7171717171717,
          184.02693602693603,
          77.14478114478115,
          184.88888888888886
        ]
      ],
      "bbox": [
        51.28619528619529,
        38.35690235690236,
        152.1346801346801,
        146.5319865319865
      ],
      "ignore": 0,
      "iscrowd": 0,
      "area": 18592.828214808003
    },
    {
      "id": 10,
      "image_id": 10,
      "category_id": 0,
      "segmentation": [
        [
          51.28619528619529,
          102.14141414141415,
          76.71380471380472,
          38.35690235690236,
          178.85521885521885,
          38.35690235690236,
          203.4208754208754,
          103.003367003367,
          179.7171717171717,
          184.02693602693603,
          77.14478114478115,
          184.88888888888886
        ]
      ],
      "bbox": [
        51.28619528619529,
        38.35690235690236,
        152.1346801346801,
        146.5319865319865
      ],
      "ignore": 0,
      "iscrowd": 0,
      "area": 18592.828214808003
    },
    {
      "id": 11,
      "image_id": 11,
      "category_id": 0,
      "segmentation": [
        [
          51.28619528619529,
          102.14141414141415,
          76.71380471380472,
          38.35690235690236,
          178.85521885521885,
          38.35690235690236,
          203.4208754208754,
          103.003367003367,
          179.7171717171717,
          184.02693602693603,
          77.14478114478115,
          184.88888888888886
        ]
      ],
      "bbox": [
        51.28619528619529,
        38.35690235690236,
        152.1346801346801,
        146.5319865319865
      ],
      "ignore": 0,
      "iscrowd": 0,
      "area": 18592.828214808003
    },
    {
      "id": 12,
      "image_id": 12,
      "category_id": 0,
      "segmentation": [
        [
          51.28619528619529,
          102.14141414141415,
          76.71380471380472,
          38.35690235690236,
          178.85521885521885,
          38.35690235690236,
          203.4208754208754,
          103.003367003367,
          179.7171717171717,
          184.02693602693603,
          77.14478114478115,
          184.88888888888886
        ]
      ],
      "bbox": [
        51.28619528619529,
        38.35690235690236,
        152.1346801346801,
        146.5319865319865
      ],
      "ignore": 0,
      "iscrowd": 0,
      "area": 18592.828214808003
    },
    {
      "id": 13,
      "image_id": 13,
      "category_id": 0,
      "segmentation": [
        [
          51.28619528619529,
          102.14141414141415,
          76.71380471380472,
          38.35690235690236,
          178.85521885521885,
          38.35690235690236,
          203.4208754208754,
          103.003367003367,
          179.7171717171717,
          184.02693602693603,
          77.14478114478115,
          184.88888888888886
        ]
      ],
      "bbox": [
        51.28619528619529,
        38.35690235690236,
        152.1346801346801,
        146.5319865319865
      ],
      "ignore": 0,
      "iscrowd": 0,
      "area": 18592.828214808003
    },
    {
      "id": 14,
      "image_id": 14,
      "category_id": 0,
      "segmentation": [
        [
          51.28619528619529,
          102.14141414141415,
          76.71380471380472,
          38.35690235690236,
          178.85521885521885,
          38.35690235690236,
          203.4208754208754,
          103.003367003367,
          179.7171717171717,
          184.02693602693603,
          77.14478114478115,
          184.88888888888886
        ]
      ],
      "bbox": [
        51.28619528619529,
        38.35690235690236,
        152.1346801346801,
        146.5319865319865
      ],
      "ignore": 0,
      "iscrowd": 0,
      "area": 18592.828214808003
    },
    {
      "id": 15,
      "image_id": 15,
      "category_id": 0,
      "segmentation": [
        [
          51.28619528619529,
          102.14141414141415,
          76.71380471380472,
          38.35690235690236,
          178.85521885521885,
          38.35690235690236,
          203.4208754208754,
          103.003367003367,
          179.7171717171717,
          184.02693602693603,
          77.14478114478115,
          184.88888888888886
        ]
      ],
      "bbox": [
        51.28619528619529,
        38.35690235690236,
        152.1346801346801,
        146.5319865319865
      ],
      "ignore": 0,
      "iscrowd": 0,
      "area": 18592.828214808003
    },
    {
      "id": 16,
      "image_id": 16,
      "category_id": 0,
      "segmentation": [
        [
          51.28619528619529,
          102.14141414141415,
          76.71380471380472,
          38.35690235690236,
          178.85521885521885,
          38.35690235690236,
          203.4208754208754,
          103.003367003367,
          179.7171717171717,
          184.02693602693603,
          77.14478114478115,
          184.88888888888886
        ]
      ],
      "bbox": [
        51.28619528619529,
        38.35690235690236,
        152.1346801346801,
        146.5319865319865
      ],
      "ignore": 0,
      "iscrowd": 0,
      "area": 18592.828214808003
    },
    {
      "id": 17,
      "image_id": 17,
      "category_id": 0,
      "segmentation": [
        [
          51.28619528619529,
          102.14141414141415,
          76.71380471380472,
          38.35690235690236,
          178.85521885521885,
          38.35690235690236,
          203.4208754208754,
          103.003367003367,
          179.7171717171717,
          184.02693602693603,
          77.14478114478115,
          184.88888888888886
        ]
      ],
      "bbox": [
        51.28619528619529,
        38.35690235690236,
        152.1346801346801,
        146.5319865319865
      ],
      "ignore": 0,
      "iscrowd": 0,
      "area": 18592.828214808003
    },
    {
      "id": 18,
      "image_id": 18,
      "category_id": 0,
      "segmentation": [
        [
          51.28619528619529,
          102.14141414141415,
          76.71380471380472,
          38.35690235690236,
          178.85521885521885,
          38.35690235690236,
          203.4208754208754,
          103.003367003367,
          179.7171717171717,
          184.02693602693603,
          77.14478114478115,
          184.88888888888886
        ]
      ],
      "bbox": [
        51.28619528619529,
        38.35690235690236,
        152.1346801346801,
        146.5319865319865
      ],
      "ignore": 0,
      "iscrowd": 0,
      "area": 18592.828214808003
    },
    {
      "id": 19,
      "image_id": 19,
      "category_id": 0,
      "segmentation": [
        [
          51.28619528619529,
          102.14141414141415,
          76.71380471380472,
          38.35690235690236,
          178.85521885521885,
          38.35690235690236,
          203.4208754208754,
          103.003367003367,
          179.7171717171717,
          184.02693602693603,
          77.14478114478115,
          184.88888888888886
        ]
      ],
      "bbox": [
        51.28619528619529,
        38.35690235690236,
        152.1346801346801,
        146.5319865319865
      ],
      "ignore": 0,
      "iscrowd": 0,
      "area": 18592.828214808003
    },
    {
      "id": 20,
      "image_id": 20,
      "category_id": 0,
      "segmentation": [
        [
          51.28619528619529,
          102.14141414141415,
          76.71380471380472,
          38.35690235690236,
          178.85521885521885,
          38.35690235690236,
          203.4208754208754,
          103.003367003367,
          179.7171717171717,
          184.02693602693603,
          77.14478114478115,
          184.88888888888886
        ]
      ],
      "bbox": [
        51.28619528619529,
        38.35690235690236,
        152.1346801346801,
        146.5319865319865
      ],
      "ignore": 0,
      "iscrowd": 0,
      "area": 18592.828214808003
    },
    {
      "id": 21,
      "image_id": 21,
      "category_id": 0,
      "segmentation": [
        [
          51.28619528619529,
          102.14141414141415,
          76.71380471380472,
          38.35690235690236,
          178.85521885521885,
          38.35690235690236,
          203.4208754208754,
          103.003367003367,
          179.7171717171717,
          184.02693602693603,
          77.14478114478115,
          184.88888888888886
        ]
      ],
      "bbox": [
        51.28619528619529,
        38.35690235690236,
        152.1346801346801,
        146.5319865319865
      ],
      "ignore": 0,
      "iscrowd": 0,
      "area": 18592.828214808003
    },
    {
      "id": 22,
      "image_id": 22,
      "category_id": 0,
      "segmentation": [
        [
          51.28619528619529,
          102.14141414141415,
          76.71380471380472,
          38.35690235690236,
          178.85521885521885,
          38.35690235690236,
          203.4208754208754,
          103.003367003367,
          179.7171717171717,
          184.02693602693603,
          77.14478114478115,
          184.88888888888886
        ]
      ],
      "bbox": [
        51.28619528619529,
        38.35690235690236,
        152.1346801346801,
        146.5319865319865
      ],
      "ignore": 0,
      "iscrowd": 0,
      "area": 18592.828214808003
    },
    {
      "id": 23,
      "image_id": 23,
      "category_id": 0,
      "segmentation": [
        [
          51.28619528619529,
          102.14141414141415,
          76.71380471380472,
          38.35690235690236,
          178.85521885521885,
          38.35690235690236,
          203.4208754208754,
          103.003367003367,
          179.7171717171717,
          184.02693602693603,
          77.14478114478115,
          184.88888888888886
        ]
      ],
      "bbox": [
        51.28619528619529,
        38.35690235690236,
        152.1346801346801,
        146.5319865319865
      ],
      "ignore": 0,
      "iscrowd": 0,
      "area": 18592.828214808003
    },
    {
      "id": 24,
      "image_id": 24,
      "category_id": 0,
      "segmentation": [
        [
          51.28619528619529,
          102.14141414141415,
          76.71380471380472,
          38.35690235690236,
          178.85521885521885,
          38.35690235690236,
          203.4208754208754,
          103.003367003367,
          179.7171717171717,
          184.02693602693603,
          77.14478114478115,
          184.88888888888886
        ]
      ],
      "bbox": [
        51.28619528619529,
        38.35690235690236,
        152.1346801346801,
        146.5319865319865
      ],
      "ignore": 0,
      "iscrowd": 0,
      "area": 18592.828214808003
    },
    {
      "id": 25,
      "image_id": 25,
      "category_id": 0,
      "segmentation": [
        [
          49.99326599326599,
          189.1986531986532,
          10.774410774410775,
          107.74410774410775,
          39.21885521885522,
          40.94276094276094,
          143.5151515151515,
          36.2020202020202,
          164.63299663299662,
          97.83164983164983,
          152.996632996633,
          180.14814814814815
        ]
      ],
      "bbox": [
        10.774410774410775,
        36.2020202020202,
        153.85858585858585,
        152.996632996633
      ],
      "ignore": 0,
      "iscrowd": 0,
      "area": 18909.330340441455
    },
    {
      "id": 26,
      "image_id": 26,
      "category_id": 0,
      "segmentation": [
        [
          49.99326599326599,
          189.1986531986532,
          10.774410774410775,
          107.74410774410775,
          39.21885521885522,
          40.94276094276094,
          143.5151515151515,
          36.2020202020202,
          164.63299663299662,
          97.83164983164983,
          152.996632996633,
          180.14814814814815
        ]
      ],
      "bbox": [
        10.774410774410775,
        36.2020202020202,
        153.85858585858585,
        152.996632996633
      ],
      "ignore": 0,
      "iscrowd": 0,
      "area": 18909.330340441455
    },
    {
      "id": 27,
      "image_id": 27,
      "category_id": 0,
      "segmentation": [
        [
          49.99326599326599,
          189.1986531986532,
          10.774410774410775,
          107.74410774410775,
          39.21885521885522,
          40.94276094276094,
          143.5151515151515,
          36.2020202020202,
          164.63299663299662,
          97.83164983164983,
          152.996632996633,
          180.14814814814815
        ]
      ],
      "bbox": [
        10.774410774410775,
        36.2020202020202,
        153.85858585858585,
        152.996632996633
      ],
      "ignore": 0,
      "iscrowd": 0,
      "area": 18909.330340441455
    },
    {
      "id": 28,
      "image_id": 28,
      "category_id": 0,
      "segmentation": [
        [
          49.99326599326599,
          189.1986531986532,
          10.774410774410775,
          107.74410774410775,
          39.21885521885522,
          40.94276094276094,
          143.5151515151515,
          36.2020202020202,
          164.63299663299662,
          97.83164983164983,
          152.996632996633,
          180.14814814814815
        ]
      ],
      "bbox": [
        10.774410774410775,
        36.2020202020202,
        153.85858585858585,
        152.996632996633
      ],
      "ignore": 0,
      "iscrowd": 0,
      "area": 18909.330340441455
    },
    {
      "id": 29,
      "image_id": 29,
      "category_id": 0,
      "segmentation": [
        [
          49.99326599326599,
          189.1986531986532,
          10.774410774410775,
          107.74410774410775,
          39.21885521885522,
          40.94276094276094,
          143.5151515151515,
          36.2020202020202,
          164.63299663299662,
          97.83164983164983,
          152.996632996633,
          180.14814814814815
        ]
      ],
      "bbox": [
        10.774410774410775,
        36.2020202020202,
        153.85858585858585,
        152.996632996633
      ],
      "ignore": 0,
      "iscrowd": 0,
      "area": 18909.330340441455
    },
    {
      "id": 30,
      "image_id": 30,
      "category_id": 0,
      "segmentation": [
        [
          49.99326599326599,
          189.1986531986532,
          10.774410774410775,
          107.74410774410775,
          39.21885521885522,
          40.94276094276094,
          143.5151515151515,
          36.2020202020202,
          164.63299663299662,
          97.83164983164983,
          152.996632996633,
          180.14814814814815
        ]
      ],
      "bbox": [
        10.774410774410775,
        36.2020202020202,
        153.85858585858585,
        152.996632996633
      ],
      "ignore": 0,
      "iscrowd": 0,
      "area": 18909.330340441455
    },
    {
      "id": 31,
      "image_id": 31,
      "category_id": 0,
      "segmentation": [
        [
          0.8619528619528619,
          168.94276094276094,
          21.117845117845118,
          198.24915824915826,
          128.0,
          180.14814814814815,
          127.13804713804716,
          98.26262626262626,
          106.02020202020202,
          36.2020202020202,
          0.43097643097643096,
          45.68350168350168
        ]
      ],
      "bbox": [
        0.43097643097643096,
        36.2020202020202,
        127.56902356902357,
        162.04713804713805
      ],
      "ignore": 0,
      "iscrowd": 0,
      "area": 18124.20446893174
    },
    {
      "id": 32,
      "image_id": 32,
      "category_id": 0,
      "segmentation": [
        [
          0.8619528619528619,
          168.94276094276094,
          21.117845117845118,
          198.24915824915826,
          128.0,
          180.14814814814815,
          127.13804713804716,
          98.26262626262626,
          106.02020202020202,
          36.2020202020202,
          0.43097643097643096,
          45.68350168350168
        ]
      ],
      "bbox": [
        0.43097643097643096,
        36.2020202020202,
        127.56902356902357,
        162.04713804713805
      ],
      "ignore": 0,
      "iscrowd": 0,
      "area": 18124.20446893174
    },
    {
      "id": 33,
      "image_id": 33,
      "category_id": 0,
      "segmentation": [
        [
          0.8619528619528619,
          168.94276094276094,
          21.117845117845118,
          198.24915824915826,
          128.0,
          180.14814814814815,
          127.13804713804716,
          98.26262626262626,
          106.02020202020202,
          36.2020202020202,
          0.43097643097643096,
          45.68350168350168
        ]
      ],
      "bbox": [
        0.43097643097643096,
        36.2020202020202,
        127.56902356902357,
        162.04713804713805
      ],
      "ignore": 0,
      "iscrowd": 0,
      "area": 18124.20446893174
    },
    {
      "id": 34,
      "image_id": 34,
      "category_id": 0,
      "segmentation": [
        [
          0.8619528619528619,
          168.94276094276094,
          21.117845117845118,
          198.24915824915826,
          128.0,
          180.14814814814815,
          127.13804713804716,
          98.26262626262626,
          106.02020202020202,
          36.2020202020202,
          0.43097643097643096,
          45.68350168350168
        ]
      ],
      "bbox": [
        0.43097643097643096,
        36.2020202020202,
        127.56902356902357,
        162.04713804713805
      ],
      "ignore": 0,
      "iscrowd": 0,
      "area": 18124.20446893174
    },
    {
      "id": 35,
      "image_id": 35,
      "category_id": 0,
      "segmentation": [
        [
          0.8619528619528619,
          206.006734006734,
          101.7104377104377,
          180.5791245791246,
          87.9191919191919,
          99.12457912457913,
          70.24915824915826,
          38.78787878787879,
          0.8619528619528619,
          46.976430976430976
        ]
      ],
      "bbox": [
        0.8619528619528619,
        38.78787878787879,
        100.84848484848484,
        167.21885521885523
      ],
      "ignore": 0,
      "iscrowd": 0,
      "area": 13370.636012198305
    },
    {
      "id": 36,
      "image_id": 36,
      "category_id": 0,
      "segmentation": [
        [
          0.8619528619528619,
          206.006734006734,
          101.7104377104377,
          180.5791245791246,
          87.9191919191919,
          99.12457912457913,
          70.24915824915826,
          38.78787878787879,
          0.8619528619528619,
          46.976430976430976
        ]
      ],
      "bbox": [
        0.8619528619528619,
        38.78787878787879,
        100.84848484848484,
        167.21885521885523
      ],
      "ignore": 0,
      "iscrowd": 0,
      "area": 13370.636012198305
    },
    {
      "id": 37,
      "image_id": 37,
      "category_id": 0,
      "segmentation": [
        [
          0.8619528619528619,
          206.006734006734,
          101.7104377104377,
          180.5791245791246,
          87.9191919191919,
          99.12457912457913,
          70.24915824915826,
          38.78787878787879,
          0.8619528619528619,
          46.976430976430976
        ]
      ],
      "bbox": [
        0.8619528619528619,
        38.78787878787879,
        100.84848484848484,
        167.21885521885523
      ],
      "ignore": 0,
      "iscrowd": 0,
      "area": 13370.636012198305
    },
    {
      "id": 38,
      "image_id": 38,
      "category_id": 0,
      "segmentation": [
        [
          0.8619528619528619,
          206.006734006734,
          101.7104377104377,
          180.5791245791246,
          87.9191919191919,
          99.12457912457913,
          70.24915824915826,
          38.78787878787879,
          0.8619528619528619,
          46.976430976430976
        ]
      ],
      "bbox": [
        0.8619528619528619,
        38.78787878787879,
        100.84848484848484,
        167.21885521885523
      ],
      "ignore": 0,
      "iscrowd": 0,
      "area": 13370.636012198305
    },
    {
      "id": 39,
      "image_id": 39,
      "category_id": 0,
      "segmentation": [
        [
          0.8619528619528619,
          206.006734006734,
          101.7104377104377,
          180.5791245791246,
          87.9191919191919,
          99.12457912457913,
          70.24915824915826,
          38.78787878787879,
          0.8619528619528619,
          46.976430976430976
        ]
      ],
      "bbox": [
        0.8619528619528619,
        38.78787878787879,
        100.84848484848484,
        167.21885521885523
      ],
      "ignore": 0,
      "iscrowd": 0,
      "area": 13370.636012198305
    },
    {
      "id": 40,
      "image_id": 40,
      "category_id": 0,
      "segmentation": [
        [
          0.0,
          209.45454545454547,
          75.42087542087542,
          184.02693602693603,
          33.18518518518518,
          42.235690235690235,
          0.43097643097643096,
          46.54545454545455
        ]
      ],
      "bbox": [
        0.0,
        42.235690235690235,
        75.42087542087542,
        167.21885521885523
      ],
      "ignore": 0,
      "iscrowd": 0,
      "area": 8551.036742282535
    },
    {
      "id": 41,
      "image_id": 41,
      "category_id": 0,
      "segmentation": [
        [
          0.0,
          209.45454545454547,
          75.42087542087542,
          184.02693602693603,
          33.18518518518518,
          42.235690235690235,
          0.43097643097643096,
          46.54545454545455
        ]
      ],
      "bbox": [
        0.0,
        42.235690235690235,
        75.42087542087542,
        167.21885521885523
      ],
      "ignore": 0,
      "iscrowd": 0,
      "area": 8551.036742282535
    },
    {
      "id": 42,
      "image_id": 42,
      "category_id": 0,
      "segmentation": [
        [
          0.0,
          209.45454545454547,
          75.42087542087542,
          184.02693602693603,
          33.18518518518518,
          42.235690235690235,
          0.43097643097643096,
          46.54545454545455
        ]
      ],
      "bbox": [
        0.0,
        42.235690235690235,
        75.42087542087542,
        167.21885521885523
      ],
      "ignore": 0,
      "iscrowd": 0,
      "area": 8551.036742282535
    },
    {
      "id": 43,
      "image_id": 43,
      "category_id": 0,
      "segmentation": [
        [
          0.0,
          209.45454545454547,
          75.42087542087542,
          184.02693602693603,
          33.18518518518518,
          42.235690235690235,
          0.43097643097643096,
          46.54545454545455
        ]
      ],
      "bbox": [
        0.0,
        42.235690235690235,
        75.42087542087542,
        167.21885521885523
      ],
      "ignore": 0,
      "iscrowd": 0,
      "area": 8551.036742282535
    },
    {
      "id": 44,
      "image_id": 44,
      "category_id": 0,
      "segmentation": [
        [
          0.0,
          209.45454545454547,
          75.42087542087542,
          184.02693602693603,
          33.18518518518518,
          42.235690235690235,
          0.43097643097643096,
          46.54545454545455
        ]
      ],
      "bbox": [
        0.0,
        42.235690235690235,
        75.42087542087542,
        167.21885521885523
      ],
      "ignore": 0,
      "iscrowd": 0,
      "area": 8551.036742282535
    },
    {
      "id": 45,
      "image_id": 45,
      "category_id": 0,
      "segmentation": [
        [
          0.8619528619528619,
          205.57575757575756,
          100.84848484848484,
          180.14814814814815,
          87.9191919191919,
          99.12457912457913,
          70.68013468013469,
          38.35690235690236,
          1.292929292929293,
          46.976430976430976
        ]
      ],
      "bbox": [
        0.8619528619528619,
        38.35690235690236,
        99.98653198653199,
        167.2188552188552
      ],
      "ignore": 0,
      "iscrowd": 0,
      "area": 13278.230021879854
    },
    {
      "id": 46,
      "image_id": 46,
      "category_id": 0,
      "segmentation": [
        [
          0.8619528619528619,
          205.57575757575756,
          100.84848484848484,
          180.14814814814815,
          87.9191919191919,
          99.12457912457913,
          70.68013468013469,
          38.35690235690236,
          1.292929292929293,
          46.976430976430976
        ]
      ],
      "bbox": [
        0.8619528619528619,
        38.35690235690236,
        99.98653198653199,
        167.2188552188552
      ],
      "ignore": 0,
      "iscrowd": 0,
      "area": 13278.230021879854
    },
    {
      "id": 47,
      "image_id": 47,
      "category_id": 0,
      "segmentation": [
        [
          0.8619528619528619,
          205.57575757575756,
          100.84848484848484,
          180.14814814814815,
          87.9191919191919,
          99.12457912457913,
          70.68013468013469,
          38.35690235690236,
          1.292929292929293,
          46.976430976430976
        ]
      ],
      "bbox": [
        0.8619528619528619,
        38.35690235690236,
        99.98653198653199,
        167.2188552188552
      ],
      "ignore": 0,
      "iscrowd": 0,
      "area": 13278.230021879854
    },
    {
      "id": 48,
      "image_id": 48,
      "category_id": 0,
      "segmentation": [
        [
          0.8619528619528619,
          205.57575757575756,
          100.84848484848484,
          180.14814814814815,
          87.9191919191919,
          99.12457912457913,
          70.68013468013469,
          38.35690235690236,
          1.292929292929293,
          46.976430976430976
        ]
      ],
      "bbox": [
        0.8619528619528619,
        38.35690235690236,
        99.98653198653199,
        167.2188552188552
      ],
      "ignore": 0,
      "iscrowd": 0,
      "area": 13278.230021879854
    },
    {
      "id": 49,
      "image_id": 49,
      "category_id": 0,
      "segmentation": [
        [
          0.43097643097643096,
          167.21885521885525,
          21.117845117845118,
          197.8181818181818,
          127.13804713804716,
          178.85521885521885,
          127.13804713804716,
          97.83164983164983,
          106.45117845117846,
          36.63299663299663,
          0.8619528619528619,
          46.11447811447812
        ]
      ],
      "bbox": [
        0.43097643097643096,
        36.63299663299663,
        126.70707070707073,
        161.1851851851852
      ],
      "ignore": 0,
      "iscrowd": 0,
      "area": 17937.81369248036
    }
  ],
  "info": {
    "year": 2023,
    "version": "1.0",
    "description": "",
    "contributor": "Label Studio",
    "url": "",
    "date_created": "2023-12-30 14:43:26.724919"
  }
}